,Uwindow,SHGC,Ropaque,Qinfil,Qventilation,Qcasual,Fafterhours,Mset up/down,"Tsa,clg","Tsa,htg","Tsa,reset","Tafterhours,htg","Tafterhours,clg","Fvav,min-sp","Shtg,summer"
count,300000.0,300000.0,300000.0,300000.0,300000.0,300000.0,300000.0,300000.0,300000.0,300000.0,300000.0,300000.0,300000.0,300000.0,300000.0
mean,2.5529685020446777,0.5033636689186096,3.269968032836914,0.5488059520721436,1.0877158641815186,11.664417266845703,0.49122416973114014,0.5073514580726624,13.511751174926758,19.245731353759766,0.5078983902931213,0.8401678800582886,1.1787668466567993,0.35319358110427856,0.49295464158058167
std,0.16096492111682892,0.08569299429655075,0.19738593697547913,0.12075356394052505,0.47056853771209717,4.164931774139404,0.15661847591400146,0.5036632418632507,0.47763124108314514,1.1709738969802856,0.40887463092803955,0.07985571771860123,0.07509282231330872,0.08058793842792511,0.3205113112926483
min,1.5639660358428955,0.010115250945091248,2.515124559402466,-0.017872750759124756,-0.7997289896011353,0.4039924442768097,-0.22685611248016357,-0.5440876483917236,10.925262451171875,14.087209701538086,-1.1596651077270508,0.5535148978233337,0.8488274216651917,-0.02173839509487152,-0.5195942521095276
25%,2.4461106657981873,0.44087522476911545,3.1287484169006348,0.4666556268930435,0.7322755753993988,8.403854370117188,0.3838891088962555,0.0016142982058227062,13.270270347595215,18.46067714691162,0.17999941855669022,0.7809247970581055,1.1238128542900085,0.29858017712831497,0.291506290435791
50%,2.5558128356933594,0.502592921257019,3.2572180032730103,0.5478781163692474,1.0929625034332275,11.819161891937256,0.4894643574953079,0.7253986895084381,13.570170402526855,19.101548194885254,0.6390839219093323,0.8324483633041382,1.1756587028503418,0.3551843464374542,0.460177406668663
75%,2.6627426743507385,0.5641781836748123,3.3976329565048218,0.6296109408140182,1.4493315815925598,14.990248203277588,0.5959047377109528,0.9916313886642456,13.823019981384277,19.898764610290527,0.8336994647979736,0.8955100625753403,1.2369359731674194,0.4099794551730156,0.6496249586343765
max,3.4335477352142334,0.8830464482307434,4.2902374267578125,1.2959920167922974,2.747086524963379,22.73100471496582,1.2977533340454102,1.5812608003616333,15.353617668151855,24.945850372314453,1.8376497030258179,1.200406789779663,1.462903380393982,0.7217789888381958,1.7744694948196411
