,Uwindow,SHGC,Ropaque,Qinfil,Qventilation,Qcasual,Fafterhours,Mset up/down,"Tsa,clg","Tsa,htg","Tsa,reset","Tafterhours,htg","Tafterhours,clg","Fvav,min-sp","Shtg,summer"
count,300000.0,300000.0,300000.0,300000.0,300000.0,300000.0,300000.0,300000.0,300000.0,300000.0,300000.0,300000.0,300000.0,300000.0,300000.0
mean,2.527790069580078,0.5009777545928955,3.250321388244629,0.5527436137199402,1.0897905826568604,11.629539489746094,0.5002885460853577,0.5079487562179565,13.507261276245117,19.32671356201172,0.5108017921447754,0.8444088101387024,1.1651972532272339,0.34743714332580566,0.49698859453201294
std,0.13176701962947845,0.07198382914066315,0.16452650725841522,0.10374049097299576,0.46572840213775635,4.2541046142578125,0.14214152097702026,0.4964944124221802,0.45264583826065063,1.1840592622756958,0.40108123421669006,0.05765732377767563,0.05310211330652237,0.06677985936403275,0.31352144479751587
min,1.850145936012268,0.21210157871246338,2.517998218536377,0.053257763385772705,-0.47011297941207886,1.594604253768921,-0.17353567481040955,-0.5869669318199158,11.136661529541016,14.036160469055176,-1.4341773986816406,0.5861680507659912,0.8897135853767395,0.03120443969964981,-0.5015950202941895
25%,2.4411794543266296,0.4504852145910263,3.139161765575409,0.48282666504383087,0.7243407964706421,8.07267951965332,0.40138158202171326,0.011483586393296719,13.28010606765747,18.504501819610596,0.18237148970365524,0.806538313627243,1.1261957287788391,0.30387113243341446,0.3066144958138466
50%,2.5311834812164307,0.5005012154579163,3.244659662246704,0.5517156720161438,1.0916132926940918,11.740599155426025,0.49675504863262177,0.7238183617591858,13.55741262435913,19.182661056518555,0.653456062078476,0.8439171314239502,1.1653605699539185,0.3480657488107681,0.47040224075317383
75%,2.617839276790619,0.5503615885972977,3.3531142473220825,0.6219997853040695,1.4531848430633545,15.105664491653442,0.5943232774734497,0.986481636762619,13.795065641403198,19.952990531921387,0.8310409635305405,0.8856502771377563,1.2029799222946167,0.39458660781383514,0.629413902759552
max,3.132657051086426,0.8612333536148071,4.113394737243652,1.2076462507247925,2.7402751445770264,22.45176124572754,1.40374755859375,1.5064029693603516,15.575867652893066,25.725582122802734,1.6020066738128662,1.1517243385314941,1.482640266418457,0.6502698659896851,1.7581517696380615
