,Uwindow,SHGC,Ropaque,Qinfil,Qventilation,Qcasual,Fafterhours,Mset up/down,"Tsa,clg","Tsa,htg","Tsa,reset","Tafterhours,htg","Tafterhours,clg","Fvav,min-sp","Shtg,summer"
count,300000.0,300000.0,300000.0,300000.0,300000.0,300000.0,300000.0,300000.0,300000.0,300000.0,300000.0,300000.0,300000.0,300000.0,300000.0
mean,2.539332151412964,0.5005536675453186,3.238138437271118,0.5416356325149536,1.1044855117797852,11.593629837036133,0.5003330111503601,0.5088668465614319,13.519848823547363,19.330280303955078,0.5033597350120544,0.8384723663330078,1.1642199754714966,0.3489639461040497,0.49904441833496094
std,0.14385253190994263,0.06376543641090393,0.16388216614723206,0.10568913072347641,0.4624027609825134,3.9786148071289062,0.12115514278411865,0.4976828694343567,0.5050239562988281,1.224311113357544,0.39101120829582214,0.04460128769278526,0.04000335931777954,0.052477236837148666,0.301021009683609
min,1.7476712465286255,0.06961555033922195,2.4905340671539307,-0.051128268241882324,-1.0505399703979492,0.5822820067405701,-0.008428394794464111,-0.5350894331932068,11.19981575012207,15.079766273498535,-2.104628324508667,0.5112646818161011,0.7819781303405762,-0.03125597536563873,-0.37951093912124634
25%,2.450859308242798,0.4576115384697914,3.134354889392853,0.4743053838610649,0.759227991104126,8.584807634353638,0.4156954810023308,0.0047431886196136475,13.266466856002808,18.543848514556885,0.19593099132180214,0.8088186383247375,1.1390275359153748,0.3151707649230957,0.3459470346570015
50%,2.5448801517486572,0.4982094019651413,3.2288511991500854,0.5410449206829071,1.1064268946647644,11.642940044403076,0.4917784780263901,0.8444532752037048,13.565679550170898,19.209616661071777,0.6633412837982178,0.8374317288398743,1.1641162037849426,0.3482467830181122,0.4760245531797409
75%,2.6341058015823364,0.5408585667610168,3.329323470592499,0.6087618917226791,1.4609007239341736,14.604941606521606,0.5759705305099487,0.9942410886287689,13.838408470153809,19.974467754364014,0.8110689967870712,0.8664206713438034,1.188893347978592,0.38127802312374115,0.5958376228809357
max,3.5409908294677734,1.0713080167770386,4.688252925872803,1.234140396118164,3.0443084239959717,28.071861267089844,1.1786174774169922,1.618609070777893,16.4586238861084,31.316211700439453,1.4964438676834106,1.2217438220977783,1.53800368309021,0.8215965628623962,1.6784636974334717
