,Uwindow,SHGC,Ropaque,Qinfil,Qventilation,Qcasual,Fafterhours,Mset up/down,"Tsa,clg","Tsa,htg","Tsa,reset","Tafterhours,htg","Tafterhours,clg","Fvav,min-sp","Shtg,summer"
count,300000.0,300000.0,300000.0,300000.0,300000.0,300000.0,300000.0,300000.0,300000.0,300000.0,300000.0,300000.0,300000.0,300000.0,300000.0
mean,2.5619137287139893,0.5024917125701904,3.233452558517456,0.5601781010627747,1.1076154708862305,11.633857727050781,0.5050813555717468,0.5063827633857727,13.549206733703613,19.31462287902832,0.5017959475517273,0.8341318368911743,1.1690243482589722,0.35110563039779663,0.4913342595100403
std,0.16835103929042816,0.09515958279371262,0.18407469987869263,0.12384739518165588,0.4587702751159668,3.978593349456787,0.14557431638240814,0.5004493594169617,0.44596508145332336,1.0883276462554932,0.4113193452358246,0.08257171511650085,0.07815208286046982,0.08650260418653488,0.32084518671035767
min,1.7630391120910645,0.17427191138267517,2.5356390476226807,-0.005319759249687195,-0.8070095777511597,1.3273496627807617,-0.2554433345794678,-0.40254679322242737,11.251958847045898,15.00914192199707,-1.2744580507278442,0.5285952091217041,0.7688076496124268,0.03065463900566101,-0.44319045543670654
25%,2.4501234889030457,0.43420568108558655,3.1085177063941956,0.47618646919727325,0.7654294967651367,8.524103164672852,0.4067067354917526,0.004176397807896137,13.320796251296997,18.56448745727539,0.15626133233308792,0.7736373841762543,1.1113312542438507,0.29332633316516876,0.2923452705144882
50%,2.5639901161193848,0.5013362467288971,3.22769296169281,0.5586930513381958,1.1044871807098389,11.812760353088379,0.5020757615566254,0.7620027661323547,13.592843532562256,19.20269012451172,0.6382984817028046,0.834601104259491,1.1638771295547485,0.3507750332355499,0.46377262473106384
75%,2.6757288575172424,0.5687530636787415,3.3486544489860535,0.6422832757234573,1.4504055678844452,14.710635900497437,0.6015392988920212,0.987882986664772,13.831802368164062,19.92457866668701,0.8390373289585114,0.8953459858894348,1.229460060596466,0.407672718167305,0.6403450518846512
max,3.279531717300415,0.9498990774154663,4.391815185546875,1.2315797805786133,2.573352813720703,23.5556583404541,1.2030800580978394,1.469379186630249,15.371517181396484,26.354244232177734,1.4980958700180054,1.1956597566604614,1.5249987840652466,0.8064213395118713,1.6706935167312622
