,Uwindow,SHGC,Ropaque,Qinfil,Qventilation,Qcasual,Fafterhours,Mset up/down,"Tsa,clg","Tsa,htg","Tsa,reset","Tafterhours,htg","Tafterhours,clg","Fvav,min-sp","Shtg,summer"
count,300000.0,300000.0,300000.0,300000.0,300000.0,300000.0,300000.0,300000.0,300000.0,300000.0,300000.0,300000.0,300000.0,300000.0,300000.0
mean,2.533172369003296,0.4903796911239624,3.2612855434417725,0.5286635160446167,1.1084182262420654,11.491851806640625,0.4928666651248932,0.4929020404815674,13.512081146240234,19.398414611816406,0.5239532589912415,0.8514931201934814,1.1513551473617554,0.3706963360309601,0.5114807486534119
std,0.2159939706325531,0.13367855548858643,0.26063695549964905,0.16909462213516235,0.4624643623828888,4.524011611938477,0.20136325061321259,0.498557448387146,0.43389326333999634,1.3336493968963623,0.41611188650131226,0.1326112002134323,0.13563793897628784,0.13547468185424805,0.32588014006614685
min,0.6642102003097534,-0.6063706278800964,1.8148984909057617,-0.39953574538230896,-0.9570316076278687,0.8431408405303955,-0.5151157379150391,-0.9430036544799805,7.739087104797363,10.992364883422852,-1.480795979499817,-0.24125397205352783,0.32173022627830505,-0.2315676510334015,-1.1189861297607422
25%,2.4025054574012756,0.3950660154223442,3.0805972814559937,0.4153051897883415,0.7502105087041855,7.2608802318573,0.3526207059621811,0.027848696801811457,13.259080648422241,18.564345359802246,0.183848038315773,0.774500846862793,1.0567414164543152,0.2792298495769501,0.2924851328134537
50%,2.540753722190857,0.48052558302879333,3.2517073154449463,0.5199871957302094,1.1302374005317688,11.552006721496582,0.4864013195037842,0.5320886075496674,13.545231342315674,19.24994945526123,0.5981232523918152,0.8540795743465424,1.1535797715187073,0.37458255887031555,0.48935890197753906
75%,2.6629191637039185,0.5819665640592575,3.4437031149864197,0.643448531627655,1.4660478830337524,15.562771797180176,0.6319838166236877,0.9544509649276733,13.803901195526123,20.06154775619507,0.8571349382400513,0.9310347586870193,1.243087649345398,0.45653387904167175,0.7150914818048477
max,3.4691226482391357,1.112154245376587,4.605023384094238,1.3780786991119385,2.6728034019470215,23.38277244567871,1.4035786390304565,1.7776752710342407,15.75595760345459,27.079849243164062,1.8385530710220337,1.4514681100845337,1.8111621141433716,1.011676549911499,1.928505301475525
