,Uwindow,SHGC,Ropaque,Qinfil,Qventilation,Qcasual,Fafterhours,Mset up/down,"Tsa,clg","Tsa,htg","Tsa,reset","Tafterhours,htg","Tafterhours,clg","Fvav,min-sp","Shtg,summer"
count,300000.0,300000.0,300000.0,300000.0,300000.0,300000.0,300000.0,300000.0,300000.0,300000.0,300000.0,300000.0,300000.0,300000.0,300000.0
mean,2.5326828956604004,0.49542316794395447,3.234377384185791,0.5312222838401794,1.0962674617767334,11.530693054199219,0.5015991926193237,0.5060214400291443,13.530632972717285,19.285400390625,0.4897817075252533,0.8503999710083008,1.165724754333496,0.3488163352012634,0.5135906338691711
std,0.14059993624687195,0.08170482516288757,0.17919187247753143,0.11489322036504745,0.4494782090187073,4.522209644317627,0.16626141965389252,0.496267706155777,0.4185585379600525,1.1203207969665527,0.38276129961013794,0.07399965822696686,0.07880251109600067,0.08835748583078384,0.2995063364505768
min,1.865954041481018,0.17685149610042572,2.4164059162139893,0.027093082666397095,-0.6138548254966736,1.4177632331848145,-0.452215313911438,-0.4147736430168152,11.483107566833496,14.564727783203125,-1.3533241748809814,0.5360442996025085,0.7975257635116577,-0.04739813506603241,-0.5772313475608826
25%,2.441355586051941,0.4360368624329567,3.112721085548401,0.4507518634200096,0.7483649849891663,7.6938393115997314,0.3914182707667351,0.018675465136766434,13.306805610656738,18.509119510650635,0.2216438427567482,0.7946134358644485,1.1035383343696594,0.29079466313123703,0.32556967437267303
50%,2.534763813018799,0.4969610869884491,3.2318716049194336,0.5282213687896729,1.1268261671066284,11.514557838439941,0.49991849064826965,0.7112387716770172,13.573030948638916,19.187994956970215,0.5994128882884979,0.8537755906581879,1.1701251864433289,0.3515363186597824,0.47146420180797577
75%,2.6265464425086975,0.5548344403505325,3.35574471950531,0.6084014773368835,1.4304217398166656,15.298507690429688,0.6104762405157089,0.9822668880224228,13.808338165283203,19.863736152648926,0.7812345623970032,0.902229830622673,1.2223500609397888,0.4083822965621948,0.6377117335796356
max,3.344956159591675,0.7946354150772095,4.0808539390563965,1.0852237939834595,2.7154202461242676,22.743816375732422,1.3747949600219727,1.6116501092910767,15.335933685302734,25.714401245117188,1.4448485374450684,1.1201919317245483,1.4739773273468018,0.6770063042640686,1.9216728210449219
