,Uwindow,SHGC,Ropaque,Qinfil,Qventilation,Qcasual,Fafterhours,Mset up/down,"Tsa,clg","Tsa,htg","Tsa,reset","Tafterhours,htg","Tafterhours,clg","Fvav,min-sp","Shtg,summer"
count,300000.0,300000.0,300000.0,300000.0,300000.0,300000.0,300000.0,300000.0,300000.0,300000.0,300000.0,300000.0,300000.0,300000.0,300000.0
mean,2.5382988452911377,0.49870410561561584,3.2454705238342285,0.5409689545631409,1.094172477722168,11.528043746948242,0.4997417628765106,0.5077157020568848,13.522734642028809,19.34583282470703,0.5036032795906067,0.839911162853241,1.1695178747177124,0.3528972268104553,0.49582597613334656
std,0.08835218846797943,0.034498296678066254,0.12042777985334396,0.07835691422224045,0.4424573481082916,4.521121978759766,0.15268971025943756,0.4936533570289612,0.4119737446308136,1.0040349960327148,0.37496188282966614,0.028660086914896965,0.02697123773396015,0.04315299913287163,0.2865182161331177
min,1.9301244020462036,0.22434087097644806,2.568678855895996,0.08013121038675308,-0.8556137084960938,0.5211931467056274,-0.2918240427970886,-0.40810611844062805,11.21335506439209,15.844435691833496,-1.318100929260254,0.6562033295631409,0.9767343997955322,0.12266576290130615,-0.28398969769477844
25%,2.4848729372024536,0.4768395274877548,3.1698678731918335,0.48754481971263885,0.7478698343038559,7.781993508338928,0.3944837674498558,0.009653959423303604,13.312920570373535,18.652456283569336,0.24515720084309578,0.82136569917202,1.1518467664718628,0.3248114734888077,0.32786310464143753
50%,2.5436500310897827,0.4988318085670471,3.2457021474838257,0.538635790348053,1.1323192715644836,11.607682228088379,0.5006095767021179,0.7265263199806213,13.578989028930664,19.244135856628418,0.6350968778133392,0.8393924534320831,1.1688116788864136,0.3528469651937485,0.4536842405796051
75%,2.597513198852539,0.5213036239147186,3.3212493658065796,0.5919991135597229,1.4250597059726715,15.294994115829468,0.5954853892326355,0.986701175570488,13.803652048110962,19.857460975646973,0.793454572558403,0.8582701236009598,1.1869868338108063,0.38087160885334015,0.5864670723676682
max,2.957066535949707,0.6929410099983215,3.8844873905181885,1.100828766822815,2.509331226348877,22.962488174438477,1.220188856124878,1.5945013761520386,14.795790672302246,24.293128967285156,1.3716377019882202,1.081932544708252,1.3265137672424316,0.607134997844696,1.733893632888794
