,Uwindow,SHGC,Ropaque,Qinfil,Qventilation,Qcasual,Fafterhours,Mset up/down,"Tsa,clg","Tsa,htg","Tsa,reset","Tafterhours,htg","Tafterhours,clg","Fvav,min-sp","Shtg,summer"
count,300000.0,300000.0,300000.0,300000.0,300000.0,300000.0,300000.0,300000.0,300000.0,300000.0,300000.0,300000.0,300000.0,300000.0,300000.0
mean,2.557419538497925,0.4934970736503601,3.255058526992798,0.5499268174171448,1.0994759798049927,11.644491195678711,0.488413006067276,0.5075362324714661,13.536848068237305,19.379384994506836,0.49823036789894104,0.8467447757720947,1.1689704656600952,0.3446023762226105,0.5016058087348938
std,0.16735929250717163,0.07549259066581726,0.16683433949947357,0.10406465828418732,0.4369522035121918,3.9946095943450928,0.10779175162315369,0.4946654438972473,0.47224023938179016,1.1241049766540527,0.4061383008956909,0.059160757809877396,0.05497050657868385,0.06413788348436356,0.2875562310218811
min,1.5695207118988037,0.07021403312683105,2.463655471801758,-0.1760268211364746,-1.4788057804107666,0.2314859926700592,-0.10817217826843262,-1.4028464555740356,11.251150131225586,15.213665962219238,-1.9599534273147583,0.06607966870069504,0.7717289328575134,-0.3109474778175354,-0.5857599973678589
25%,2.4510218501091003,0.44179946184158325,3.146738827228546,0.4830403998494148,0.7857849448919296,8.6063711643219,0.41634922474622726,0.01131057646125555,13.282532215118408,18.61979341506958,0.15464149415493011,0.8088499903678894,1.1346991956233978,0.30070409178733826,0.3352045640349388
50%,2.5615320205688477,0.4902896583080292,3.2433916330337524,0.5491332411766052,1.1097243428230286,11.650614738464355,0.4829718917608261,0.781500369310379,13.560763359069824,19.280357360839844,0.6361788511276245,0.8464388251304626,1.1688028573989868,0.3418262451887131,0.4779794216156006
75%,2.6692824959754944,0.5415950268507004,3.3506595492362976,0.61622653901577,1.4169663488864899,14.663562297821045,0.5540083199739456,0.9883420914411545,13.834460496902466,20.036694526672363,0.8302144557237625,0.8823850154876709,1.202512115240097,0.38572612404823303,0.6163460612297058
max,3.355915069580078,1.0863771438598633,4.431948184967041,1.248261570930481,2.614980936050415,27.198583602905273,1.6987344026565552,1.709822654724121,16.660005569458008,28.64541244506836,1.8240220546722412,1.5006442070007324,1.8062864542007446,0.8134254217147827,1.903374433517456
