,Uwindow,SHGC,Ropaque,Qinfil,Qventilation,Qcasual,Fafterhours,Mset up/down,"Tsa,clg","Tsa,htg","Tsa,reset","Tafterhours,htg","Tafterhours,clg","Fvav,min-sp","Shtg,summer"
count,300000.0,300000.0,300000.0,300000.0,300000.0,300000.0,300000.0,300000.0,300000.0,300000.0,300000.0,300000.0,300000.0,300000.0,300000.0
mean,2.533918857574463,0.4990317225456238,3.2496955394744873,0.5424709916114807,1.0935653448104858,11.619074821472168,0.49821484088897705,0.5101132988929749,13.533215522766113,19.351346969604492,0.50255286693573,0.840614378452301,1.1698921918869019,0.35213521122932434,0.49681881070137024
std,0.10142645239830017,0.04641025513410568,0.12611447274684906,0.07676952332258224,0.4686509966850281,4.313372611999512,0.13666211068630219,0.496269166469574,0.4449741244316101,1.093257188796997,0.37955209612846375,0.030582088977098465,0.02439093217253685,0.04522205516695976,0.3013658821582794
min,1.7680314779281616,0.20651352405548096,2.615309715270996,0.11544512957334518,-0.5681495666503906,0.6079006791114807,-0.09435760974884033,-0.49282106757164,11.176431655883789,14.945694923400879,-1.2049643993377686,0.5631986856460571,0.9571067094802856,0.10180854797363281,-0.33014747500419617
25%,2.469679594039917,0.4682973101735115,3.1654821634292603,0.4929812327027321,0.7199723422527313,8.176096200942993,0.4018460363149643,0.00888523692265153,13.311995506286621,18.589608669281006,0.21891164407134056,0.8203670829534531,1.1539531648159027,0.3232482895255089,0.33189161866903305
50%,2.5394833087921143,0.49906858801841736,3.246140480041504,0.5411009192466736,1.1132516264915466,11.710742473602295,0.4932287782430649,0.7656888961791992,13.596127033233643,19.24517059326172,0.663558840751648,0.8404503464698792,1.1693990230560303,0.3512085825204849,0.4628274142742157
75%,2.603514075279236,0.5299189388751984,3.331750214099884,0.5908718258142471,1.4620908498764038,15.136515140533447,0.5910980254411697,0.99776890873909,13.827791929244995,19.960701942443848,0.8022546172142029,0.8601105511188507,1.185545414686203,0.38010139763355255,0.5899065732955933
max,2.95607328414917,0.7356735467910767,3.9541232585906982,0.9944377541542053,2.610466718673706,22.96586799621582,1.194563865661621,1.4140667915344238,15.084737777709961,24.610816955566406,1.2956693172454834,1.0657879114151,1.3265002965927124,0.60594242811203,1.7032750844955444
